formula,trace,synthesized stl,theta optimal value,optimization time,test result,robustness,error,,,,,
"G[425,575]((phidot >= 1.0) -> U[0,75]((acceleration > -1 & acceleration < 1), (phidot < 0.04363323129)))",/home/kvsakano/TeLEX/tests/data/model_09-10/playback_trace18_postprocessed.csv,"G[425.0,575.0]((phidot >= 1.0) => U[0.0,75.0]((acceleration > -1.0) & (acceleration < 1.0))(phidot < 0.04363323129))",,,[True],[0.99629758298397064],,,0.996297583,,AVERAGE,0.551225339
"G[425,575]((phidot >= 1.0) -> U[0,75]((acceleration > -1 & acceleration < 1), (phidot < 0.04363323129)))",/home/kvsakano/TeLEX/tests/data/model_09-10/playback_trace13_postprocessed.csv,"G[425.0,575.0]((phidot >= 1.0) => U[0.0,75.0]((acceleration > -1.0) & (acceleration < 1.0))(phidot < 0.04363323129))",,,[True],[0.0],,,0,,MIN,-2.14
"G[425,575]((phidot >= 1.0) -> U[0,75]((acceleration > -1 & acceleration < 1), (phidot < 0.04363323129)))",/home/kvsakano/TeLEX/tests/data/model_09-10/playback_trace82_postprocessed.csv,"G[425.0,575.0]((phidot >= 1.0) => U[0.0,75.0]((acceleration > -1.0) & (acceleration < 1.0))(phidot < 0.04363323129))",,,[True],[0.0],,,0,,VIOL AVERAGE,-2.13217411
"G[425,575]((phidot >= 1.0) -> U[0,75]((acceleration > -1 & acceleration < 1), (phidot < 0.04363323129)))",/home/kvsakano/TeLEX/tests/data/model_09-10/playback_trace59_postprocessed.csv,"G[425.0,575.0]((phidot >= 1.0) => U[0.0,75.0]((acceleration > -1.0) & (acceleration < 1.0))(phidot < 0.04363323129))",,,[True],[0.99617663817480206],,,0.996176638,,NUM VIOL,5
"G[425,575]((phidot >= 1.0) -> U[0,75]((acceleration > -1 & acceleration < 1), (phidot < 0.04363323129)))",/home/kvsakano/TeLEX/tests/data/model_09-10/playback_trace92_postprocessed.csv,"G[425.0,575.0]((phidot >= 1.0) => U[0.0,75.0]((acceleration > -1.0) & (acceleration < 1.0))(phidot < 0.04363323129))",,,[True],[0.99580253753811121],,,0.995802538,,,
"G[425,575]((phidot >= 1.0) -> U[0,75]((acceleration > -1 & acceleration < 1), (phidot < 0.04363323129)))",/home/kvsakano/TeLEX/tests/data/model_09-10/playback_trace49_postprocessed.csv,"G[425.0,575.0]((phidot >= 1.0) => U[0.0,75.0]((acceleration > -1.0) & (acceleration < 1.0))(phidot < 0.04363323129))",,,[True],[0.99587131012231112],,,0.99587131,,,
"G[425,575]((phidot >= 1.0) -> U[0,75]((acceleration > -1 & acceleration < 1), (phidot < 0.04363323129)))",/home/kvsakano/TeLEX/tests/data/model_09-10/playback_trace28_postprocessed.csv,"G[425.0,575.0]((phidot >= 1.0) => U[0.0,75.0]((acceleration > -1.0) & (acceleration < 1.0))(phidot < 0.04363323129))",,,[True],[0.99548309715464711],,,0.995483097,,,
"G[425,575]((phidot >= 1.0) -> U[0,75]((acceleration > -1 & acceleration < 1), (phidot < 0.04363323129)))",/home/kvsakano/TeLEX/tests/data/model_09-10/playback_trace74_postprocessed.csv,"G[425.0,575.0]((phidot >= 1.0) => U[0.0,75.0]((acceleration > -1.0) & (acceleration < 1.0))(phidot < 0.04363323129))",,,[True],[0.0],,,0,,,
"G[425,575]((phidot >= 1.0) -> U[0,75]((acceleration > -1 & acceleration < 1), (phidot < 0.04363323129)))",/home/kvsakano/TeLEX/tests/data/model_09-10/playback_trace45_postprocessed.csv,"G[425.0,575.0]((phidot >= 1.0) => U[0.0,75.0]((acceleration > -1.0) & (acceleration < 1.0))(phidot < 0.04363323129))",,,[True],[0.99802341312170029],,,0.998023413,,,
"G[425,575]((phidot >= 1.0) -> U[0,75]((acceleration > -1 & acceleration < 1), (phidot < 0.04363323129)))",/home/kvsakano/TeLEX/tests/data/model_09-10/playback_trace79_postprocessed.csv,"G[425.0,575.0]((phidot >= 1.0) => U[0.0,75.0]((acceleration > -1.0) & (acceleration < 1.0))(phidot < 0.04363323129))",,,[True],[0.99623849685303867],,,0.996238497,,,
"G[425,575]((phidot >= 1.0) -> U[0,75]((acceleration > -1 & acceleration < 1), (phidot < 0.04363323129)))",/home/kvsakano/TeLEX/tests/data/model_09-10/playback_trace70_postprocessed.csv,"G[425.0,575.0]((phidot >= 1.0) => U[0.0,75.0]((acceleration > -1.0) & (acceleration < 1.0))(phidot < 0.04363323129))",,,[True],[0.99815468385349959],,,0.998154684,,,
"G[425,575]((phidot >= 1.0) -> U[0,75]((acceleration > -1 & acceleration < 1), (phidot < 0.04363323129)))",/home/kvsakano/TeLEX/tests/data/model_09-10/playback_trace47_postprocessed.csv,"G[425.0,575.0]((phidot >= 1.0) => U[0.0,75.0]((acceleration > -1.0) & (acceleration < 1.0))(phidot < 0.04363323129))",,,[True],[0.9963302374817431],,,0.996330237,,,
"G[425,575]((phidot >= 1.0) -> U[0,75]((acceleration > -1 & acceleration < 1), (phidot < 0.04363323129)))",/home/kvsakano/TeLEX/tests/data/model_09-10/playback_trace35_postprocessed.csv,"G[425.0,575.0]((phidot >= 1.0) => U[0.0,75.0]((acceleration > -1.0) & (acceleration < 1.0))(phidot < 0.04363323129))",,,[True],[0.99627822171896696],,,0.996278222,,,
"G[425,575]((phidot >= 1.0) -> U[0,75]((acceleration > -1 & acceleration < 1), (phidot < 0.04363323129)))",/home/kvsakano/TeLEX/tests/data/model_09-10/playback_trace36_postprocessed.csv,"G[425.0,575.0]((phidot >= 1.0) => U[0.0,75.0]((acceleration > -1.0) & (acceleration < 1.0))(phidot < 0.04363323129))",,,[True],[0.0],,,0,,,
"G[425,575]((phidot >= 1.0) -> U[0,75]((acceleration > -1 & acceleration < 1), (phidot < 0.04363323129)))",/home/kvsakano/TeLEX/tests/data/model_09-10/playback_trace41_postprocessed.csv,"G[425.0,575.0]((phidot >= 1.0) => U[0.0,75.0]((acceleration > -1.0) & (acceleration < 1.0))(phidot < 0.04363323129))",,,[True],[0.0],,,0,,,
"G[425,575]((phidot >= 1.0) -> U[0,75]((acceleration > -1 & acceleration < 1), (phidot < 0.04363323129)))",/home/kvsakano/TeLEX/tests/data/model_09-10/playback_trace95_postprocessed.csv,"G[425.0,575.0]((phidot >= 1.0) => U[0.0,75.0]((acceleration > -1.0) & (acceleration < 1.0))(phidot < 0.04363323129))",,,[True],[0.99638374266214669],,,0.996383743,,,
"G[425,575]((phidot >= 1.0) -> U[0,75]((acceleration > -1 & acceleration < 1), (phidot < 0.04363323129)))",/home/kvsakano/TeLEX/tests/data/model_09-10/playback_trace53_postprocessed.csv,"G[425.0,575.0]((phidot >= 1.0) => U[0.0,75.0]((acceleration > -1.0) & (acceleration < 1.0))(phidot < 0.04363323129))",,,[True],[0.99619409022852778],,,0.99619409,,,
"G[425,575]((phidot >= 1.0) -> U[0,75]((acceleration > -1 & acceleration < 1), (phidot < 0.04363323129)))",/home/kvsakano/TeLEX/tests/data/model_09-10/playback_trace05_postprocessed.csv,"G[425.0,575.0]((phidot >= 1.0) => U[0.0,75.0]((acceleration > -1.0) & (acceleration < 1.0))(phidot < 0.04363323129))",,,[True],[0.99627756443805993],,,0.996277564,,,
"G[425,575]((phidot >= 1.0) -> U[0,75]((acceleration > -1 & acceleration < 1), (phidot < 0.04363323129)))",/home/kvsakano/TeLEX/tests/data/model_09-10/playback_trace37_postprocessed.csv,"G[425.0,575.0]((phidot >= 1.0) => U[0.0,75.0]((acceleration > -1.0) & (acceleration < 1.0))(phidot < 0.04363323129))",,,[True],[0.0],,,0,,,
"G[425,575]((phidot >= 1.0) -> U[0,75]((acceleration > -1 & acceleration < 1), (phidot < 0.04363323129)))",/home/kvsakano/TeLEX/tests/data/model_09-10/playback_trace46_postprocessed.csv,"G[425.0,575.0]((phidot >= 1.0) => U[0.0,75.0]((acceleration > -1.0) & (acceleration < 1.0))(phidot < 0.04363323129))",,,[True],[0.99808762187603861],,,0.998087622,,,
"G[425,575]((phidot >= 1.0) -> U[0,75]((acceleration > -1 & acceleration < 1), (phidot < 0.04363323129)))",/home/kvsakano/TeLEX/tests/data/model_09-10/playback_trace40_postprocessed.csv,"G[425.0,575.0]((phidot >= 1.0) => U[0.0,75.0]((acceleration > -1.0) & (acceleration < 1.0))(phidot < 0.04363323129))",,,[True],[-2.1378753185272217],,,-2.137875319,,,
"G[425,575]((phidot >= 1.0) -> U[0,75]((acceleration > -1 & acceleration < 1), (phidot < 0.04363323129)))",/home/kvsakano/TeLEX/tests/data/model_09-10/playback_trace89_postprocessed.csv,"G[425.0,575.0]((phidot >= 1.0) => U[0.0,75.0]((acceleration > -1.0) & (acceleration < 1.0))(phidot < 0.04363323129))",,,[True],[0.0],,,0,,,
"G[425,575]((phidot >= 1.0) -> U[0,75]((acceleration > -1 & acceleration < 1), (phidot < 0.04363323129)))",/home/kvsakano/TeLEX/tests/data/model_09-10/playback_trace29_postprocessed.csv,"G[425.0,575.0]((phidot >= 1.0) => U[0.0,75.0]((acceleration > -1.0) & (acceleration < 1.0))(phidot < 0.04363323129))",,,[True],[0.9964030955452472],,,0.996403096,,,
"G[425,575]((phidot >= 1.0) -> U[0,75]((acceleration > -1 & acceleration < 1), (phidot < 0.04363323129)))",/home/kvsakano/TeLEX/tests/data/model_09-10/playback_trace88_postprocessed.csv,"G[425.0,575.0]((phidot >= 1.0) => U[0.0,75.0]((acceleration > -1.0) & (acceleration < 1.0))(phidot < 0.04363323129))",,,[True],[0.99631796823814511],,,0.996317968,,,
"G[425,575]((phidot >= 1.0) -> U[0,75]((acceleration > -1 & acceleration < 1), (phidot < 0.04363323129)))",/home/kvsakano/TeLEX/tests/data/model_09-10/playback_trace15_postprocessed.csv,"G[425.0,575.0]((phidot >= 1.0) => U[0.0,75.0]((acceleration > -1.0) & (acceleration < 1.0))(phidot < 0.04363323129))",,,[True],[-2.1290054321289062],,,-2.129005432,,,
"G[425,575]((phidot >= 1.0) -> U[0,75]((acceleration > -1 & acceleration < 1), (phidot < 0.04363323129)))",/home/kvsakano/TeLEX/tests/data/model_09-10/playback_trace22_postprocessed.csv,"G[425.0,575.0]((phidot >= 1.0) => U[0.0,75.0]((acceleration > -1.0) & (acceleration < 1.0))(phidot < 0.04363323129))",,,[True],[0.9963545233476907],,,0.996354523,,,
"G[425,575]((phidot >= 1.0) -> U[0,75]((acceleration > -1 & acceleration < 1), (phidot < 0.04363323129)))",/home/kvsakano/TeLEX/tests/data/model_09-10/playback_trace96_postprocessed.csv,"G[425.0,575.0]((phidot >= 1.0) => U[0.0,75.0]((acceleration > -1.0) & (acceleration < 1.0))(phidot < 0.04363323129))",,,[True],[0.99787273048423231],,,0.99787273,,,
"G[425,575]((phidot >= 1.0) -> U[0,75]((acceleration > -1 & acceleration < 1), (phidot < 0.04363323129)))",/home/kvsakano/TeLEX/tests/data/model_09-10/playback_trace56_postprocessed.csv,"G[425.0,575.0]((phidot >= 1.0) => U[0.0,75.0]((acceleration > -1.0) & (acceleration < 1.0))(phidot < 0.04363323129))",,,[True],[0.99808762187603861],,,0.998087622,,,
"G[425,575]((phidot >= 1.0) -> U[0,75]((acceleration > -1 & acceleration < 1), (phidot < 0.04363323129)))",/home/kvsakano/TeLEX/tests/data/model_09-10/playback_trace02_postprocessed.csv,"G[425.0,575.0]((phidot >= 1.0) => U[0.0,75.0]((acceleration > -1.0) & (acceleration < 1.0))(phidot < 0.04363323129))",,,[True],[0.99609086336567998],,,0.996090863,,,
"G[425,575]((phidot >= 1.0) -> U[0,75]((acceleration > -1 & acceleration < 1), (phidot < 0.04363323129)))",/home/kvsakano/TeLEX/tests/data/model_09-10/playback_trace84_postprocessed.csv,"G[425.0,575.0]((phidot >= 1.0) => U[0.0,75.0]((acceleration > -1.0) & (acceleration < 1.0))(phidot < 0.04363323129))",,,[True],[0.0],,,0,,,
"G[425,575]((phidot >= 1.0) -> U[0,75]((acceleration > -1 & acceleration < 1), (phidot < 0.04363323129)))",/home/kvsakano/TeLEX/tests/data/model_09-10/playback_trace17_postprocessed.csv,"G[425.0,575.0]((phidot >= 1.0) => U[0.0,75.0]((acceleration > -1.0) & (acceleration < 1.0))(phidot < 0.04363323129))",,,[True],[0.99804163281805813],,,0.998041633,,,
"G[425,575]((phidot >= 1.0) -> U[0,75]((acceleration > -1 & acceleration < 1), (phidot < 0.04363323129)))",/home/kvsakano/TeLEX/tests/data/model_09-10/playback_trace07_postprocessed.csv,"G[425.0,575.0]((phidot >= 1.0) => U[0.0,75.0]((acceleration > -1.0) & (acceleration < 1.0))(phidot < 0.04363323129))",,,[True],[0.0],,,0,,,
"G[425,575]((phidot >= 1.0) -> U[0,75]((acceleration > -1 & acceleration < 1), (phidot < 0.04363323129)))",/home/kvsakano/TeLEX/tests/data/model_09-10/playback_trace71_postprocessed.csv,"G[425.0,575.0]((phidot >= 1.0) => U[0.0,75.0]((acceleration > -1.0) & (acceleration < 1.0))(phidot < 0.04363323129))",,,[True],[0.99625626159831882],,,0.996256262,,,
"G[425,575]((phidot >= 1.0) -> U[0,75]((acceleration > -1 & acceleration < 1), (phidot < 0.04363323129)))",/home/kvsakano/TeLEX/tests/data/model_09-10/playback_trace63_postprocessed.csv,"G[425.0,575.0]((phidot >= 1.0) => U[0.0,75.0]((acceleration > -1.0) & (acceleration < 1.0))(phidot < 0.04363323129))",,,[True],[0.99623848008923233],,,0.99623848,,,
"G[425,575]((phidot >= 1.0) -> U[0,75]((acceleration > -1 & acceleration < 1), (phidot < 0.04363323129)))",/home/kvsakano/TeLEX/tests/data/model_09-10/playback_trace00_postprocessed.csv,"G[425.0,575.0]((phidot >= 1.0) => U[0.0,75.0]((acceleration > -1.0) & (acceleration < 1.0))(phidot < 0.04363323129))",,,[True],[0.99626390263438225],,,0.996263903,,,
"G[425,575]((phidot >= 1.0) -> U[0,75]((acceleration > -1 & acceleration < 1), (phidot < 0.04363323129)))",/home/kvsakano/TeLEX/tests/data/model_09-10/playback_trace67_postprocessed.csv,"G[425.0,575.0]((phidot >= 1.0) => U[0.0,75.0]((acceleration > -1.0) & (acceleration < 1.0))(phidot < 0.04363323129))",,,[True],[-2.1327283382415771],,,-2.132728338,,,
"G[425,575]((phidot >= 1.0) -> U[0,75]((acceleration > -1 & acceleration < 1), (phidot < 0.04363323129)))",/home/kvsakano/TeLEX/tests/data/model_09-10/playback_trace39_postprocessed.csv,"G[425.0,575.0]((phidot >= 1.0) => U[0.0,75.0]((acceleration > -1.0) & (acceleration < 1.0))(phidot < 0.04363323129))",,,[True],[0.99617023742757738],,,0.996170237,,,
"G[425,575]((phidot >= 1.0) -> U[0,75]((acceleration > -1 & acceleration < 1), (phidot < 0.04363323129)))",/home/kvsakano/TeLEX/tests/data/model_09-10/playback_trace10_postprocessed.csv,"G[425.0,575.0]((phidot >= 1.0) => U[0.0,75.0]((acceleration > -1.0) & (acceleration < 1.0))(phidot < 0.04363323129))",,,[True],[0.99590233108028769],,,0.995902331,,,
"G[425,575]((phidot >= 1.0) -> U[0,75]((acceleration > -1 & acceleration < 1), (phidot < 0.04363323129)))",/home/kvsakano/TeLEX/tests/data/model_09-10/playback_trace44_postprocessed.csv,"G[425.0,575.0]((phidot >= 1.0) => U[0.0,75.0]((acceleration > -1.0) & (acceleration < 1.0))(phidot < 0.04363323129))",,,[True],[0.0],,,0,,,
"G[425,575]((phidot >= 1.0) -> U[0,75]((acceleration > -1 & acceleration < 1), (phidot < 0.04363323129)))",/home/kvsakano/TeLEX/tests/data/model_09-10/playback_trace01_postprocessed.csv,"G[425.0,575.0]((phidot >= 1.0) => U[0.0,75.0]((acceleration > -1.0) & (acceleration < 1.0))(phidot < 0.04363323129))",,,[True],[0.99780467874370515],,,0.997804679,,,
"G[425,575]((phidot >= 1.0) -> U[0,75]((acceleration > -1 & acceleration < 1), (phidot < 0.04363323129)))",/home/kvsakano/TeLEX/tests/data/model_09-10/playback_trace62_postprocessed.csv,"G[425.0,575.0]((phidot >= 1.0) => U[0.0,75.0]((acceleration > -1.0) & (acceleration < 1.0))(phidot < 0.04363323129))",,,[True],[0.99794921930879354],,,0.997949219,,,
"G[425,575]((phidot >= 1.0) -> U[0,75]((acceleration > -1 & acceleration < 1), (phidot < 0.04363323129)))",/home/kvsakano/TeLEX/tests/data/model_09-10/playback_trace25_postprocessed.csv,"G[425.0,575.0]((phidot >= 1.0) => U[0.0,75.0]((acceleration > -1.0) & (acceleration < 1.0))(phidot < 0.04363323129))",,,[True],[0.99785118480212986],,,0.997851185,,,
"G[425,575]((phidot >= 1.0) -> U[0,75]((acceleration > -1 & acceleration < 1), (phidot < 0.04363323129)))",/home/kvsakano/TeLEX/tests/data/model_09-10/playback_trace58_postprocessed.csv,"G[425.0,575.0]((phidot >= 1.0) => U[0.0,75.0]((acceleration > -1.0) & (acceleration < 1.0))(phidot < 0.04363323129))",,,[True],[0.9961992260068655],,,0.996199226,,,
"G[425,575]((phidot >= 1.0) -> U[0,75]((acceleration > -1 & acceleration < 1), (phidot < 0.04363323129)))",/home/kvsakano/TeLEX/tests/data/model_09-10/playback_trace60_postprocessed.csv,"G[425.0,575.0]((phidot >= 1.0) => U[0.0,75.0]((acceleration > -1.0) & (acceleration < 1.0))(phidot < 0.04363323129))",,,[True],[0.99650466861203313],,,0.996504669,,,
"G[425,575]((phidot >= 1.0) -> U[0,75]((acceleration > -1 & acceleration < 1), (phidot < 0.04363323129)))",/home/kvsakano/TeLEX/tests/data/model_09-10/playback_trace51_postprocessed.csv,"G[425.0,575.0]((phidot >= 1.0) => U[0.0,75.0]((acceleration > -1.0) & (acceleration < 1.0))(phidot < 0.04363323129))",,,[True],[-2.1250514984130859],,,-2.125051498,,,
"G[425,575]((phidot >= 1.0) -> U[0,75]((acceleration > -1 & acceleration < 1), (phidot < 0.04363323129)))",/home/kvsakano/TeLEX/tests/data/model_09-10/playback_trace73_postprocessed.csv,"G[425.0,575.0]((phidot >= 1.0) => U[0.0,75.0]((acceleration > -1.0) & (acceleration < 1.0))(phidot < 0.04363323129))",,,[True],[0.99775395845063031],,,0.997753958,,,
"G[425,575]((phidot >= 1.0) -> U[0,75]((acceleration > -1 & acceleration < 1), (phidot < 0.04363323129)))",/home/kvsakano/TeLEX/tests/data/model_09-10/playback_trace06_postprocessed.csv,"G[425.0,575.0]((phidot >= 1.0) => U[0.0,75.0]((acceleration > -1.0) & (acceleration < 1.0))(phidot < 0.04363323129))",,,[True],[0.0],,,0,,,
"G[425,575]((phidot >= 1.0) -> U[0,75]((acceleration > -1 & acceleration < 1), (phidot < 0.04363323129)))",/home/kvsakano/TeLEX/tests/data/model_09-10/playback_trace72_postprocessed.csv,"G[425.0,575.0]((phidot >= 1.0) => U[0.0,75.0]((acceleration > -1.0) & (acceleration < 1.0))(phidot < 0.04363323129))",,,[True],[0.0],,,0,,,
"G[425,575]((phidot >= 1.0) -> U[0,75]((acceleration > -1 & acceleration < 1), (phidot < 0.04363323129)))",/home/kvsakano/TeLEX/tests/data/model_09-10/playback_trace97_postprocessed.csv,"G[425.0,575.0]((phidot >= 1.0) => U[0.0,75.0]((acceleration > -1.0) & (acceleration < 1.0))(phidot < 0.04363323129))",,,[True],[0.99615678284317255],,,0.996156783,,,
"G[425,575]((phidot >= 1.0) -> U[0,75]((acceleration > -1 & acceleration < 1), (phidot < 0.04363323129)))",/home/kvsakano/TeLEX/tests/data/model_09-10/playback_trace76_postprocessed.csv,"G[425.0,575.0]((phidot >= 1.0) => U[0.0,75.0]((acceleration > -1.0) & (acceleration < 1.0))(phidot < 0.04363323129))",,,[True],[0.99788657226599753],,,0.997886572,,,
"G[425,575]((phidot >= 1.0) -> U[0,75]((acceleration > -1 & acceleration < 1), (phidot < 0.04363323129)))",/home/kvsakano/TeLEX/tests/data/model_09-10/playback_trace42_postprocessed.csv,"G[425.0,575.0]((phidot >= 1.0) => U[0.0,75.0]((acceleration > -1.0) & (acceleration < 1.0))(phidot < 0.04363323129))",,,[True],[0.99740437138825655],,,0.997404371,,,
"G[425,575]((phidot >= 1.0) -> U[0,75]((acceleration > -1 & acceleration < 1), (phidot < 0.04363323129)))",/home/kvsakano/TeLEX/tests/data/model_09-10/playback_trace48_postprocessed.csv,"G[425.0,575.0]((phidot >= 1.0) => U[0.0,75.0]((acceleration > -1.0) & (acceleration < 1.0))(phidot < 0.04363323129))",,,[True],[0.99599588243290782],,,0.995995882,,,
"G[425,575]((phidot >= 1.0) -> U[0,75]((acceleration > -1 & acceleration < 1), (phidot < 0.04363323129)))",/home/kvsakano/TeLEX/tests/data/model_09-10/playback_trace57_postprocessed.csv,"G[425.0,575.0]((phidot >= 1.0) => U[0.0,75.0]((acceleration > -1.0) & (acceleration < 1.0))(phidot < 0.04363323129))",,,[True],[0.99677163478918374],,,0.996771635,,,
"G[425,575]((phidot >= 1.0) -> U[0,75]((acceleration > -1 & acceleration < 1), (phidot < 0.04363323129)))",/home/kvsakano/TeLEX/tests/data/model_09-10/playback_trace80_postprocessed.csv,"G[425.0,575.0]((phidot >= 1.0) => U[0.0,75.0]((acceleration > -1.0) & (acceleration < 1.0))(phidot < 0.04363323129))",,,[True],[0.99612457444891334],,,0.996124574,,,
"G[425,575]((phidot >= 1.0) -> U[0,75]((acceleration > -1 & acceleration < 1), (phidot < 0.04363323129)))",/home/kvsakano/TeLEX/tests/data/model_09-10/playback_trace85_postprocessed.csv,"G[425.0,575.0]((phidot >= 1.0) => U[0.0,75.0]((acceleration > -1.0) & (acceleration < 1.0))(phidot < 0.04363323129))",,,[True],[0.0],,,0,,,
"G[425,575]((phidot >= 1.0) -> U[0,75]((acceleration > -1 & acceleration < 1), (phidot < 0.04363323129)))",/home/kvsakano/TeLEX/tests/data/model_09-10/playback_trace16_postprocessed.csv,"G[425.0,575.0]((phidot >= 1.0) => U[0.0,75.0]((acceleration > -1.0) & (acceleration < 1.0))(phidot < 0.04363323129))",,,[True],[0.99631796823814511],,,0.996317968,,,
"G[425,575]((phidot >= 1.0) -> U[0,75]((acceleration > -1 & acceleration < 1), (phidot < 0.04363323129)))",/home/kvsakano/TeLEX/tests/data/model_09-10/playback_trace03_postprocessed.csv,"G[425.0,575.0]((phidot >= 1.0) => U[0.0,75.0]((acceleration > -1.0) & (acceleration < 1.0))(phidot < 0.04363323129))",,,[True],[0.0],,,0,,,
"G[425,575]((phidot >= 1.0) -> U[0,75]((acceleration > -1 & acceleration < 1), (phidot < 0.04363323129)))",/home/kvsakano/TeLEX/tests/data/model_09-10/playback_trace27_postprocessed.csv,"G[425.0,575.0]((phidot >= 1.0) => U[0.0,75.0]((acceleration > -1.0) & (acceleration < 1.0))(phidot < 0.04363323129))",,,[True],[0.99649985902942717],,,0.996499859,,,
"G[425,575]((phidot >= 1.0) -> U[0,75]((acceleration > -1 & acceleration < 1), (phidot < 0.04363323129)))",/home/kvsakano/TeLEX/tests/data/model_09-10/playback_trace86_postprocessed.csv,"G[425.0,575.0]((phidot >= 1.0) => U[0.0,75.0]((acceleration > -1.0) & (acceleration < 1.0))(phidot < 0.04363323129))",,,[True],[0.99614467890933156],,,0.996144679,,,
"G[425,575]((phidot >= 1.0) -> U[0,75]((acceleration > -1 & acceleration < 1), (phidot < 0.04363323129)))",/home/kvsakano/TeLEX/tests/data/model_09-10/playback_trace43_postprocessed.csv,"G[425.0,575.0]((phidot >= 1.0) => U[0.0,75.0]((acceleration > -1.0) & (acceleration < 1.0))(phidot < 0.04363323129))",,,[True],[0.99629253218881786],,,0.996292532,,,
"G[425,575]((phidot >= 1.0) -> U[0,75]((acceleration > -1 & acceleration < 1), (phidot < 0.04363323129)))",/home/kvsakano/TeLEX/tests/data/model_09-10/playback_trace21_postprocessed.csv,"G[425.0,575.0]((phidot >= 1.0) => U[0.0,75.0]((acceleration > -1.0) & (acceleration < 1.0))(phidot < 0.04363323129))",,,[True],[0.0],,,0,,,
"G[425,575]((phidot >= 1.0) -> U[0,75]((acceleration > -1 & acceleration < 1), (phidot < 0.04363323129)))",/home/kvsakano/TeLEX/tests/data/model_09-10/playback_trace99_postprocessed.csv,"G[425.0,575.0]((phidot >= 1.0) => U[0.0,75.0]((acceleration > -1.0) & (acceleration < 1.0))(phidot < 0.04363323129))",,,[True],[0.99623849685303867],,,0.996238497,,,
"G[425,575]((phidot >= 1.0) -> U[0,75]((acceleration > -1 & acceleration < 1), (phidot < 0.04363323129)))",/home/kvsakano/TeLEX/tests/data/model_09-10/playback_trace83_postprocessed.csv,"G[425.0,575.0]((phidot >= 1.0) => U[0.0,75.0]((acceleration > -1.0) & (acceleration < 1.0))(phidot < 0.04363323129))",,,[True],[0.0],,,0,,,
"G[425,575]((phidot >= 1.0) -> U[0,75]((acceleration > -1 & acceleration < 1), (phidot < 0.04363323129)))",/home/kvsakano/TeLEX/tests/data/model_09-10/playback_trace78_postprocessed.csv,"G[425.0,575.0]((phidot >= 1.0) => U[0.0,75.0]((acceleration > -1.0) & (acceleration < 1.0))(phidot < 0.04363323129))",,,[True],[0.0],,,0,,,
"G[425,575]((phidot >= 1.0) -> U[0,75]((acceleration > -1 & acceleration < 1), (phidot < 0.04363323129)))",/home/kvsakano/TeLEX/tests/data/model_09-10/playback_trace69_postprocessed.csv,"G[425.0,575.0]((phidot >= 1.0) => U[0.0,75.0]((acceleration > -1.0) & (acceleration < 1.0))(phidot < 0.04363323129))",,,[True],[0.0],,,0,,,
"G[425,575]((phidot >= 1.0) -> U[0,75]((acceleration > -1 & acceleration < 1), (phidot < 0.04363323129)))",/home/kvsakano/TeLEX/tests/data/model_09-10/playback_trace23_postprocessed.csv,"G[425.0,575.0]((phidot >= 1.0) => U[0.0,75.0]((acceleration > -1.0) & (acceleration < 1.0))(phidot < 0.04363323129))",,,[True],[0.0],,,0,,,
"G[425,575]((phidot >= 1.0) -> U[0,75]((acceleration > -1 & acceleration < 1), (phidot < 0.04363323129)))",/home/kvsakano/TeLEX/tests/data/model_09-10/playback_trace04_postprocessed.csv,"G[425.0,575.0]((phidot >= 1.0) => U[0.0,75.0]((acceleration > -1.0) & (acceleration < 1.0))(phidot < 0.04363323129))",,,[True],[0.99627445614896715],,,0.996274456,,,
"G[425,575]((phidot >= 1.0) -> U[0,75]((acceleration > -1 & acceleration < 1), (phidot < 0.04363323129)))",/home/kvsakano/TeLEX/tests/data/model_09-10/playback_trace24_postprocessed.csv,"G[425.0,575.0]((phidot >= 1.0) => U[0.0,75.0]((acceleration > -1.0) & (acceleration < 1.0))(phidot < 0.04363323129))",,,[True],[0.9962348707485944],,,0.996234871,,,
"G[425,575]((phidot >= 1.0) -> U[0,75]((acceleration > -1 & acceleration < 1), (phidot < 0.04363323129)))",/home/kvsakano/TeLEX/tests/data/model_09-10/playback_trace26_postprocessed.csv,"G[425.0,575.0]((phidot >= 1.0) => U[0.0,75.0]((acceleration > -1.0) & (acceleration < 1.0))(phidot < 0.04363323129))",,,[True],[0.99641333497129381],,,0.996413335,,,
"G[425,575]((phidot >= 1.0) -> U[0,75]((acceleration > -1 & acceleration < 1), (phidot < 0.04363323129)))",/home/kvsakano/TeLEX/tests/data/model_09-10/playback_trace19_postprocessed.csv,"G[425.0,575.0]((phidot >= 1.0) => U[0.0,75.0]((acceleration > -1.0) & (acceleration < 1.0))(phidot < 0.04363323129))",,,[True],[0.99651000532321632],,,0.996510005,,,
"G[425,575]((phidot >= 1.0) -> U[0,75]((acceleration > -1 & acceleration < 1), (phidot < 0.04363323129)))",/home/kvsakano/TeLEX/tests/data/model_09-10/playback_trace50_postprocessed.csv,"G[425.0,575.0]((phidot >= 1.0) => U[0.0,75.0]((acceleration > -1.0) & (acceleration < 1.0))(phidot < 0.04363323129))",,,[True],[0.99621951999142766],,,0.99621952,,,
"G[425,575]((phidot >= 1.0) -> U[0,75]((acceleration > -1 & acceleration < 1), (phidot < 0.04363323129)))",/home/kvsakano/TeLEX/tests/data/model_09-10/playback_trace98_postprocessed.csv,"G[425.0,575.0]((phidot >= 1.0) => U[0.0,75.0]((acceleration > -1.0) & (acceleration < 1.0))(phidot < 0.04363323129))",,,[True],[0.0],,,0,,,
"G[425,575]((phidot >= 1.0) -> U[0,75]((acceleration > -1 & acceleration < 1), (phidot < 0.04363323129)))",/home/kvsakano/TeLEX/tests/data/model_09-10/playback_trace81_postprocessed.csv,"G[425.0,575.0]((phidot >= 1.0) => U[0.0,75.0]((acceleration > -1.0) & (acceleration < 1.0))(phidot < 0.04363323129))",,,[True],[0.0],,,0,,,
"G[425,575]((phidot >= 1.0) -> U[0,75]((acceleration > -1 & acceleration < 1), (phidot < 0.04363323129)))",/home/kvsakano/TeLEX/tests/data/model_09-10/playback_trace61_postprocessed.csv,"G[425.0,575.0]((phidot >= 1.0) => U[0.0,75.0]((acceleration > -1.0) & (acceleration < 1.0))(phidot < 0.04363323129))",,,[True],[0.99812409048900008],,,0.99812409,,,
"G[425,575]((phidot >= 1.0) -> U[0,75]((acceleration > -1 & acceleration < 1), (phidot < 0.04363323129)))",/home/kvsakano/TeLEX/tests/data/model_09-10/playback_trace90_postprocessed.csv,"G[425.0,575.0]((phidot >= 1.0) => U[0.0,75.0]((acceleration > -1.0) & (acceleration < 1.0))(phidot < 0.04363323129))",,,[True],[0.99773269146680832],,,0.997732691,,,
"G[425,575]((phidot >= 1.0) -> U[0,75]((acceleration > -1 & acceleration < 1), (phidot < 0.04363323129)))",/home/kvsakano/TeLEX/tests/data/model_09-10/playback_trace31_postprocessed.csv,"G[425.0,575.0]((phidot >= 1.0) => U[0.0,75.0]((acceleration > -1.0) & (acceleration < 1.0))(phidot < 0.04363323129))",,,[True],[-2.1362099647521973],,,-2.136209965,,,
"G[425,575]((phidot >= 1.0) -> U[0,75]((acceleration > -1 & acceleration < 1), (phidot < 0.04363323129)))",/home/kvsakano/TeLEX/tests/data/model_09-10/playback_trace20_postprocessed.csv,"G[425.0,575.0]((phidot >= 1.0) => U[0.0,75.0]((acceleration > -1.0) & (acceleration < 1.0))(phidot < 0.04363323129))",,,[True],[0.99666203139349818],,,0.996662031,,,
"G[425,575]((phidot >= 1.0) -> U[0,75]((acceleration > -1 & acceleration < 1), (phidot < 0.04363323129)))",/home/kvsakano/TeLEX/tests/data/model_09-10/playback_trace64_postprocessed.csv,"G[425.0,575.0]((phidot >= 1.0) => U[0.0,75.0]((acceleration > -1.0) & (acceleration < 1.0))(phidot < 0.04363323129))",,,[True],[0.99638679553754628],,,0.996386796,,,
"G[425,575]((phidot >= 1.0) -> U[0,75]((acceleration > -1 & acceleration < 1), (phidot < 0.04363323129)))",/home/kvsakano/TeLEX/tests/data/model_09-10/playback_trace09_postprocessed.csv,"G[425.0,575.0]((phidot >= 1.0) => U[0.0,75.0]((acceleration > -1.0) & (acceleration < 1.0))(phidot < 0.04363323129))",,,[True],[0.99631796823814511],,,0.996317968,,,
"G[425,575]((phidot >= 1.0) -> U[0,75]((acceleration > -1 & acceleration < 1), (phidot < 0.04363323129)))",/home/kvsakano/TeLEX/tests/data/model_09-10/playback_trace77_postprocessed.csv,"G[425.0,575.0]((phidot >= 1.0) => U[0.0,75.0]((acceleration > -1.0) & (acceleration < 1.0))(phidot < 0.04363323129))",,,[True],[0.0],,,0,,,
"G[425,575]((phidot >= 1.0) -> U[0,75]((acceleration > -1 & acceleration < 1), (phidot < 0.04363323129)))",/home/kvsakano/TeLEX/tests/data/model_09-10/playback_trace68_postprocessed.csv,"G[425.0,575.0]((phidot >= 1.0) => U[0.0,75.0]((acceleration > -1.0) & (acceleration < 1.0))(phidot < 0.04363323129))",,,[True],[0.99644249211996794],,,0.996442492,,,
"G[425,575]((phidot >= 1.0) -> U[0,75]((acceleration > -1 & acceleration < 1), (phidot < 0.04363323129)))",/home/kvsakano/TeLEX/tests/data/model_09-10/playback_trace38_postprocessed.csv,"G[425.0,575.0]((phidot >= 1.0) => U[0.0,75.0]((acceleration > -1.0) & (acceleration < 1.0))(phidot < 0.04363323129))",,,[True],[0.0],,,0,,,
"G[425,575]((phidot >= 1.0) -> U[0,75]((acceleration > -1 & acceleration < 1), (phidot < 0.04363323129)))",/home/kvsakano/TeLEX/tests/data/model_09-10/playback_trace93_postprocessed.csv,"G[425.0,575.0]((phidot >= 1.0) => U[0.0,75.0]((acceleration > -1.0) & (acceleration < 1.0))(phidot < 0.04363323129))",,,[True],[0.99785695900209248],,,0.997856959,,,
"G[425,575]((phidot >= 1.0) -> U[0,75]((acceleration > -1 & acceleration < 1), (phidot < 0.04363323129)))",/home/kvsakano/TeLEX/tests/data/model_09-10/playback_trace91_postprocessed.csv,"G[425.0,575.0]((phidot >= 1.0) => U[0.0,75.0]((acceleration > -1.0) & (acceleration < 1.0))(phidot < 0.04363323129))",,,[True],[0.0],,,0,,,
"G[425,575]((phidot >= 1.0) -> U[0,75]((acceleration > -1 & acceleration < 1), (phidot < 0.04363323129)))",/home/kvsakano/TeLEX/tests/data/model_09-10/playback_trace54_postprocessed.csv,"G[425.0,575.0]((phidot >= 1.0) => U[0.0,75.0]((acceleration > -1.0) & (acceleration < 1.0))(phidot < 0.04363323129))",,,[True],[0.99595052050426602],,,0.995950521,,,
"G[425,575]((phidot >= 1.0) -> U[0,75]((acceleration > -1 & acceleration < 1), (phidot < 0.04363323129)))",/home/kvsakano/TeLEX/tests/data/model_09-10/playback_trace75_postprocessed.csv,"G[425.0,575.0]((phidot >= 1.0) => U[0.0,75.0]((acceleration > -1.0) & (acceleration < 1.0))(phidot < 0.04363323129))",,,[True],[0.0],,,0,,,
"G[425,575]((phidot >= 1.0) -> U[0,75]((acceleration > -1 & acceleration < 1), (phidot < 0.04363323129)))",/home/kvsakano/TeLEX/tests/data/model_09-10/playback_trace08_postprocessed.csv,"G[425.0,575.0]((phidot >= 1.0) => U[0.0,75.0]((acceleration > -1.0) & (acceleration < 1.0))(phidot < 0.04363323129))",,,[True],[0.99792410107329488],,,0.997924101,,,
"G[425,575]((phidot >= 1.0) -> U[0,75]((acceleration > -1 & acceleration < 1), (phidot < 0.04363323129)))",/home/kvsakano/TeLEX/tests/data/model_09-10/playback_trace66_postprocessed.csv,"G[425.0,575.0]((phidot >= 1.0) => U[0.0,75.0]((acceleration > -1.0) & (acceleration < 1.0))(phidot < 0.04363323129))",,,[True],[0.99622880341485143],,,0.996228803,,,
"G[425,575]((phidot >= 1.0) -> U[0,75]((acceleration > -1 & acceleration < 1), (phidot < 0.04363323129)))",/home/kvsakano/TeLEX/tests/data/model_09-10/playback_trace32_postprocessed.csv,"G[425.0,575.0]((phidot >= 1.0) => U[0.0,75.0]((acceleration > -1.0) & (acceleration < 1.0))(phidot < 0.04363323129))",,,[True],[0.99774585920386016],,,0.997745859,,,
"G[425,575]((phidot >= 1.0) -> U[0,75]((acceleration > -1 & acceleration < 1), (phidot < 0.04363323129)))",/home/kvsakano/TeLEX/tests/data/model_09-10/playback_trace12_postprocessed.csv,"G[425.0,575.0]((phidot >= 1.0) => U[0.0,75.0]((acceleration > -1.0) & (acceleration < 1.0))(phidot < 0.04363323129))",,,[True],[0.99782550567761064],,,0.997825506,,,
"G[425,575]((phidot >= 1.0) -> U[0,75]((acceleration > -1 & acceleration < 1), (phidot < 0.04363323129)))",/home/kvsakano/TeLEX/tests/data/model_09-10/playback_trace65_postprocessed.csv,"G[425.0,575.0]((phidot >= 1.0) => U[0.0,75.0]((acceleration > -1.0) & (acceleration < 1.0))(phidot < 0.04363323129))",,,[True],[0.99631003011018038],,,0.99631003,,,
"G[425,575]((phidot >= 1.0) -> U[0,75]((acceleration > -1 & acceleration < 1), (phidot < 0.04363323129)))",/home/kvsakano/TeLEX/tests/data/model_09-10/playback_trace30_postprocessed.csv,"G[425.0,575.0]((phidot >= 1.0) => U[0.0,75.0]((acceleration > -1.0) & (acceleration < 1.0))(phidot < 0.04363323129))",,,[True],[0.99617930315434933],,,0.996179303,,,
"G[425,575]((phidot >= 1.0) -> U[0,75]((acceleration > -1 & acceleration < 1), (phidot < 0.04363323129)))",/home/kvsakano/TeLEX/tests/data/model_09-10/playback_trace11_postprocessed.csv,"G[425.0,575.0]((phidot >= 1.0) => U[0.0,75.0]((acceleration > -1.0) & (acceleration < 1.0))(phidot < 0.04363323129))",,,[True],[0.0],,,0,,,
"G[425,575]((phidot >= 1.0) -> U[0,75]((acceleration > -1 & acceleration < 1), (phidot < 0.04363323129)))",/home/kvsakano/TeLEX/tests/data/model_09-10/playback_trace34_postprocessed.csv,"G[425.0,575.0]((phidot >= 1.0) => U[0.0,75.0]((acceleration > -1.0) & (acceleration < 1.0))(phidot < 0.04363323129))",,,[True],[0.0],,,0,,,
"G[425,575]((phidot >= 1.0) -> U[0,75]((acceleration > -1 & acceleration < 1), (phidot < 0.04363323129)))",/home/kvsakano/TeLEX/tests/data/model_09-10/playback_trace14_postprocessed.csv,"G[425.0,575.0]((phidot >= 1.0) => U[0.0,75.0]((acceleration > -1.0) & (acceleration < 1.0))(phidot < 0.04363323129))",,,[True],[0.99645852670073509],,,0.996458527,,,
"G[425,575]((phidot >= 1.0) -> U[0,75]((acceleration > -1 & acceleration < 1), (phidot < 0.04363323129)))",/home/kvsakano/TeLEX/tests/data/model_09-10/playback_trace52_postprocessed.csv,"G[425.0,575.0]((phidot >= 1.0) => U[0.0,75.0]((acceleration > -1.0) & (acceleration < 1.0))(phidot < 0.04363323129))",,,[True],[0.99622812890447676],,,0.996228129,,,
"G[425,575]((phidot >= 1.0) -> U[0,75]((acceleration > -1 & acceleration < 1), (phidot < 0.04363323129)))",/home/kvsakano/TeLEX/tests/data/model_09-10/playback_trace94_postprocessed.csv,"G[425.0,575.0]((phidot >= 1.0) => U[0.0,75.0]((acceleration > -1.0) & (acceleration < 1.0))(phidot < 0.04363323129))",,,[True],[0.99813627765979618],,,0.998136278,,,
"G[425,575]((phidot >= 1.0) -> U[0,75]((acceleration > -1 & acceleration < 1), (phidot < 0.04363323129)))",/home/kvsakano/TeLEX/tests/data/model_09-10/playback_trace33_postprocessed.csv,"G[425.0,575.0]((phidot >= 1.0) => U[0.0,75.0]((acceleration > -1.0) & (acceleration < 1.0))(phidot < 0.04363323129))",,,[True],[0.0],,,0,,,
"G[425,575]((phidot >= 1.0) -> U[0,75]((acceleration > -1 & acceleration < 1), (phidot < 0.04363323129)))",/home/kvsakano/TeLEX/tests/data/model_09-10/playback_trace55_postprocessed.csv,"G[425.0,575.0]((phidot >= 1.0) => U[0.0,75.0]((acceleration > -1.0) & (acceleration < 1.0))(phidot < 0.04363323129))",,,[True],[0.99574695527553558],,,0.995746955,,,
"G[425,575]((phidot >= 1.0) -> U[0,75]((acceleration > -1 & acceleration < 1), (phidot < 0.04363323129)))",/home/kvsakano/TeLEX/tests/data/model_09-10/playback_trace87_postprocessed.csv,"G[425.0,575.0]((phidot >= 1.0) => U[0.0,75.0]((acceleration > -1.0) & (acceleration < 1.0))(phidot < 0.04363323129))",,,[True],[0.0],,,0,,,
